{"male_jobs": [2.218812942504883, 1.6883697509765625, 1.1851253509521484, 2.7326183319091797, 2.218812942504883, 1.6883697509765625, 1.7590351104736328, 1.6883697509765625, 0.7893772125244141, 0.7525119781494141, 1.4077568054199219, 1.402252197265625, 1.014984130859375, 1.7363224029541016, 0.7893772125244141, 1.7590351104736328, 1.014984130859375, 1.1417713165283203, 2.7326183319091797, 1.457571029663086, 1.402252197265625, 1.78857421875, 1.0181350708007812, 1.477651596069336, 1.7363224029541016, 1.5337753295898438, 2.057736396789551, 1.7590351104736328, 2.0681190490722656, 1.4077568054199219, 1.5337753295898438, 1.6883697509765625, 1.0181350708007812, 0.8524398803710938, 0.8524398803710938, 1.1649322509765625, 1.4077568054199219, 1.1851253509521484, 1.1851253509521484, 1.1649322509765625, 1.7363224029541016, 1.1526870727539062, 1.402252197265625, 2.1603450775146484, 0.7893772125244141, 2.057736396789551, 1.0181350708007812, 1.1526870727539062, 1.5337753295898438, 1.5337753295898438, 1.402252197265625, 1.9995708465576172, 2.0681190490722656, 1.1851253509521484, 1.1526870727539062, 1.78857421875, 2.1603450775146484, 1.7590351104736328, 2.057736396789551, 2.218812942504883], "female_jobs": [0.0394439697265625, 1.624990463256836, -2.120065689086914, -0.4658241271972656, -2.120065689086914, 0.05529975891113281, -2.120065689086914, -1.13641357421875, -2.120065689086914, -0.4658241271972656, -0.5047264099121094, -0.4658241271972656, -0.2728900909423828, 0.18443870544433594, -2.120065689086914, -2.120065689086914, 1.3784570693969727, -0.09670257568359375, -2.120065689086914, 0.0394439697265625, -0.4658241271972656, 1.624990463256836, -0.46602439880371094, -0.4658241271972656, 0.18443870544433594, -0.4658241271972656, 0.0394439697265625, 0.0394439697265625, -1.13641357421875, 1.3784570693969727, -0.4658241271972656, -0.5027923583984375, -0.46602439880371094, -0.087066650390625, -0.9505481719970703, -1.13641357421875, -0.5047264099121094, 0.0394439697265625, 0.0394439697265625, -0.087066650390625, 1.624990463256836, -0.9505481719970703, -2.120065689086914, 0.0394439697265625, 0.0394439697265625, -2.120065689086914, -0.09670257568359375, -0.46602439880371094, 0.0394439697265625, 0.0394439697265625, 0.0394439697265625, -0.4658241271972656, -1.13641357421875, 0.0394439697265625, -1.3994903564453125, 0.4120597839355469, -0.4658241271972656, 0.0394439697265625, -0.4658241271972656, -2.120065689086914]}