{"male_jobs": [-0.054046630859375, 0.11073112487792969, -0.26245880126953125, -0.07300567626953125, 0.04810142517089844, 0.21791648864746094, 0.08698272705078125, -0.1856842041015625, 0.007905960083007812, 0.6889991760253906, -0.2750720977783203, -0.11804008483886719, 0.022600173950195312, 0.0029544830322265625, 0.1508007049560547, -0.042057037353515625, -0.07490730285644531, -0.09450149536132812, 0.06980323791503906, -0.27698516845703125], "female_jobs": [-0.08136558532714844, 0.15149497985839844, -0.48962974548339844, -0.20410919189453125, 0.13824081420898438, 0.2938499450683594, 0.07724952697753906, 0.149200439453125, 0.03696441650390625, -0.02758026123046875, 0.06023597717285156, 0.013584136962890625, 0.013731002807617188, 0.21804428100585938, 0.1146993637084961, -0.1476612091064453, -0.13695144653320312, 0.2720775604248047, -0.1846771240234375, -0.17843246459960938]}