{"male_jobs": [2.6275997161865234, 2.9350719451904297, 1.8008346557617188, 2.037120819091797, 2.4798545837402344, 3.2709789276123047, 2.386874198913574, 1.9852733612060547, 1.8261775970458984, 4.571957588195801, 1.6952781677246094, 2.0857391357421875, 2.2207937240600586, 2.920684814453125, 3.5628108978271484, 1.8845815658569336, 1.585831642150879, 1.8768367767333984, 2.1092967987060547, 0.5620651245117188], "female_jobs": [0.4176139831542969, -1.660027027130127, 2.5669164657592773, 0.7883872985839844, 0.7734050750732422, -2.645750045776367, -1.3135452270507812, -2.344066619873047, -0.3487567901611328, -1.1791696548461914, -1.5000648498535156, 0.5030603408813477, -1.379373550415039, -1.2189550399780273, -1.3788928985595703, 1.5387935638427734, 1.2411317825317383, -1.6664037704467773, 0.3744802474975586, -1.197443962097168]}